{"0": {"precision": 0.42857142857142855, "recall": 0.04233870967741935, "f1-score": 0.07706422018348624, "support": 496.0}, "1": {"precision": 0.6899477806788512, "recall": 0.9741935483870968, "f1-score": 0.80779518532671, "support": 1085.0}, "accuracy": 0.6818469323213157, "macro avg": {"precision": 0.5592596046251399, "recall": 0.5082661290322581, "f1-score": 0.44242970275509813, "support": 1581.0}, "weighted avg": {"precision": 0.6079473564882872, "recall": 0.6818469323213157, "f1-score": 0.5785462550856987, "support": 1581.0}}